id,first_name,last_name,email,gender,ip_address;;
1,Eustacia,Sondland,esondland0@virginia.edu,Female,147.89.93.86;;
2,Ellsworth,Naptin,enaptin1@wordpress.org,Male,11.156.110.252;;
3,Basilius,Screech,bscreech2@sina.com.cn,Male,30.185.180.87;;
4,Joycelin,Allot,jallot3@themeforest.net,Female,70.190.115.74;;
5,Tulley,Fairnie,tfairnie4@pinterest.com,Male,34.223.37.137;;
6,Brenda,Plimmer,bplimmer5@census.gov,Female,233.110.5.124;;
7,Leonerd,Learoyde,llearoyde6@digg.com,Male,63.31.249.26;;
8,Sandy,Ratter,sratter7@examiner.com,Male,90.140.178.63;;
9,Omar,Clack,oclack8@google.de,Male,160.74.54.7;;
10,Trumann,Darling,tdarling9@amazon.com,Male,173.220.20.55;;
11,Meryl,Trowill,mtrowilla@apple.com,Female,67.200.158.226;;
12,Allyce,Burne,aburneb@europa.eu,Female,170.190.232.45;;
13,Isac,Benadette,ibenadettec@123-reg.co.uk,Male,225.71.3.239;;
14,Victor,Reddish,vreddishd@ed.gov,Male,182.69.155.87;;
15,Joeann,Felix,jfelixe@wikimedia.org,Female,199.190.202.99;;
16,Ryan,Dunks,rdunksf@last.fm,Male,98.98.26.224;;
17,Junia,Bush,jbushg@vkontakte.ru,Female,117.150.241.255;;
18,Bathsheba,Shakesby,bshakesbyh@narod.ru,Female,65.230.75.21;;
19,Kally,Aldwick,kaldwicki@narod.ru,Female,95.193.206.20;;
20,Orazio,Metrick,ometrickj@indiegogo.com,Male,69.252.87.123;;
21,Clay,Keeley,ckeeleyk@weather.com,Male,224.47.199.183;;
22,Hank,Bergstrand,hbergstrandl@unesco.org,Male,105.138.118.137;;
23,Mattie,Bechley,mbechleym@twitpic.com,Male,90.241.181.43;;
24,Eduardo,Ingley,eingleyn@newyorker.com,Male,68.53.95.17;;
25,Ruthanne,Boon,rboono@miibeian.gov.cn,Female,75.151.203.160;;
26,Shanan,Clendinning,sclendinningp@apache.org,Male,118.114.42.147;;
27,Sherlocke,Robiou,srobiouq@pcworld.com,Male,3.124.233.233;;
28,Kriste,Kobera,kkoberar@cyberchimps.com,Female,248.48.24.124;;
29,Lauretta,Enright,lenrights@webmd.com,Female,152.243.235.88;;
30,Westley,Hussell,whussellt@digg.com,Male,123.176.118.64;;
31,Con,Lomath,clomathu@bravesites.com,Female,251.144.79.245;;
32,Arnuad,McGall,amcgallv@mayoclinic.com,Male,239.170.228.143;;
33,Marguerite,Marquis,mmarquisw@goodreads.com,Female,66.138.69.102;;
34,Kenna,Kasperski,kkasperskix@jimdo.com,Female,60.210.193.196;;
35,Jasper,Lanchester,jlanchestery@mtv.com,Male,68.207.112.121;;
36,Munmro,McTrustey,mmctrusteyz@techcrunch.com,Male,117.68.49.126;;
37,Jerrie,Gilyatt,jgilyatt10@networksolutions.com,Male,174.99.63.124;;
38,Harv,Caroline,hcaroline11@hexun.com,Male,213.64.29.251;;
39,Randee,Scotchbourouge,rscotchbourouge12@godaddy.com,Female,207.163.226.104;;
40,Roseanne,Matissoff,rmatissoff13@csmonitor.com,Female,187.1.194.92;;
41,Tammi,Cordero,tcordero14@statcounter.com,Female,87.200.118.13;;
42,Graig,Vargas,gvargas15@usatoday.com,Male,152.37.197.100;;
43,Tamara,Coners,tconers16@walmart.com,Female,17.88.72.216;;
44,Town,Cockman,tcockman17@bloglines.com,Male,41.57.127.139;;
45,Clint,Cumpton,ccumpton18@nyu.edu,Male,191.25.35.177;;
46,Gwendolen,Bean,gbean19@amazon.com,Female,95.201.214.255;;
47,Kleon,Postans,kpostans1a@who.int,Male,224.91.24.205;;
48,Peyton,Coronas,pcoronas1b@elegantthemes.com,Male,163.160.253.139;;
49,Jaynell,Scadden,jscadden1c@google.co.jp,Female,112.78.168.35;;
50,Rock,Lempke,rlempke1d@vinaora.com,Male,140.46.140.165;;
51,Izzy,Hexum,ihexum1e@cyberchimps.com,Male,159.121.22.115;;
52,Kenyon,McReedy,kmcreedy1f@dedecms.com,Male,200.156.127.34;;
53,Gaspar,MacPeake,gmacpeake1g@cbc.ca,Male,40.178.104.76;;
54,Amos,Kittow,akittow1h@nsw.gov.au,Male,204.133.141.4;;
55,Wallis,Pistol,wpistol1i@shinystat.com,Female,155.168.66.192;;
56,Alphard,McBean,amcbean1j@bluehost.com,Male,144.2.151.107;;
57,Adriane,Hedde,ahedde1k@oakley.com,Female,230.87.179.146;;
58,Farlie,Trower,ftrower1l@infoseek.co.jp,Male,160.58.42.17;;
59,Ev,Beggi,ebeggi1m@cpanel.net,Male,137.176.191.219;;
60,Consuela,Pietesch,cpietesch1n@independent.co.uk,Female,111.34.232.203;;
61,Ethel,Gehrts,egehrts1o@icq.com,Female,139.217.90.137;;
62,Kare,Fauning,kfauning1p@cloudflare.com,Female,116.164.53.232;;
63,Thorstein,Weekes,tweekes1q@ftc.gov,Male,119.11.45.125;;
64,Cecelia,Raspel,craspel1r@digg.com,Female,223.118.183.215;;
65,Laurena,Logsdail,llogsdail1s@mysql.com,Female,214.23.250.127;;
66,Burnard,Vido,bvido1t@bravesites.com,Male,217.217.32.216;;
67,Aloin,McNeilley,amcneilley1u@fema.gov,Male,68.156.28.75;;
68,Catlaina,Cescotti,ccescotti1v@zdnet.com,Female,74.196.38.232;;
69,Ritchie,Anscott,ranscott1w@1und1.de,Male,7.67.124.244;;
70,Carma,Yesichev,cyesichev1x@parallels.com,Female,136.207.120.91;;
71,Neel,Shaughnessy,nshaughnessy1y@google.com.hk,Male,111.236.209.53;;
72,Clarinda,Fysh,cfysh1z@jimdo.com,Female,110.124.107.59;;
73,Kass,Rosell,krosell20@paypal.com,Female,215.233.91.254;;
74,Hi,Ofer,hofer21@alibaba.com,Male,140.232.114.159;;
75,Virgil,Zupo,vzupo22@accuweather.com,Male,210.46.209.124;;
76,Petronia,Knights,pknights23@paginegialle.it,Female,181.177.176.42;;
77,Raynard,Gresswell,rgresswell24@dion.ne.jp,Male,80.47.235.96;;
78,Arley,Burrett,aburrett25@phoca.cz,Male,129.117.158.206;;
79,Nathaniel,Mottini,nmottini26@hexun.com,Male,208.59.57.227;;
80,Gabbie,Pylkynyton,gpylkynyton27@networkadvertising.org,Male,189.162.244.95;;
81,Aili,Basler,abasler28@thetimes.co.uk,Female,187.182.187.168;;
82,Chilton,Pearcy,cpearcy29@jiathis.com,Male,135.251.234.87;;
83,Falito,Tissier,ftissier2a@liveinternet.ru,Male,251.2.117.93;;
84,Reynard,Tilt,rtilt2b@tuttocitta.it,Male,212.220.121.153;;
85,Corbet,Sweetmore,csweetmore2c@oakley.com,Male,189.44.253.53;;
86,Emory,Corben,ecorben2d@mediafire.com,Male,136.78.250.201;;
87,Hiram,Lauderdale,hlauderdale2e@posterous.com,Male,52.59.214.131;;
88,Remus,Langelay,rlangelay2f@arizona.edu,Male,246.216.103.191;;
89,Mordy,Rodgier,mrodgier2g@infoseek.co.jp,Male,252.92.80.94;;
90,Grantham,Jobling,gjobling2h@smugmug.com,Male,172.172.72.71;;
91,Pascal,Clarson,pclarson2i@reddit.com,Male,205.149.24.97;;
92,Marie-ann,Iremonger,miremonger2j@mediafire.com,Female,247.113.57.31;;
93,Julissa,Doswell,jdoswell2k@symantec.com,Female,142.161.82.168;;
94,Lisa,Longstreeth,llongstreeth2l@springer.com,Female,229.251.128.117;;
95,Myron,Kovnot,mkovnot2m@senate.gov,Male,112.66.195.246;;
96,Jefferson,Pourvoieur,jpourvoieur2n@slate.com,Male,109.189.255.38;;
97,Roma,Blampied,rblampied2o@xinhuanet.com,Male,130.84.55.174;;
98,Josias,Saiz,jsaiz2p@soundcloud.com,Male,89.132.164.26;;
99,Silvia,Broy,sbroy2q@imgur.com,Female,100.209.255.40;;
100,Kermit,Lamasna,klamasna2r@kickstarter.com,Male,69.155.247.58;;
101,Wain,Featherstonhalgh,wfeatherstonhalgh2s@360.cn,Male,243.255.174.230;;
102,Palm,Aindriu,paindriu2t@google.fr,Male,60.174.72.39;;
103,Aloysia,Hayball,ahayball2u@com.com,Female,211.86.175.105;;
104,Chancey,Armsden,carmsden2v@discovery.com,Male,124.126.250.207;;
105,Gertrude,Luckings,gluckings2w@ihg.com,Female,36.160.176.82;;
106,Dorian,Luter,dluter2x@fastcompany.com,Female,156.5.121.180;;
107,Patton,Wathall,pwathall2y@biglobe.ne.jp,Male,75.97.15.159;;
108,Wilma,Chatwood,wchatwood2z@myspace.com,Female,103.82.13.223;;
109,Palmer,Lauchlan,plauchlan30@desdev.cn,Male,142.31.11.201;;
110,Erhard,Lobe,elobe31@mapy.cz,Male,235.65.86.196;;
111,Immanuel,Willimot,iwillimot32@bluehost.com,Male,105.49.206.139;;
112,Dorette,McDugal,dmcdugal33@si.edu,Female,134.202.228.126;;
113,Sandy,MacKill,smackill34@soup.io,Female,67.166.184.98;;
114,Aubry,Fargher,afargher35@who.int,Female,118.184.251.96;;
115,Janos,Birds,jbirds36@csmonitor.com,Male,31.99.246.172;;
116,Birch,Sipson,bsipson37@europa.eu,Male,53.175.119.140;;
117,Verne,Spawell,vspawell38@japanpost.jp,Male,150.217.73.250;;
118,Kelvin,Holligan,kholligan39@prnewswire.com,Male,234.104.6.49;;
119,Ynes,Routham,yroutham3a@adobe.com,Female,129.255.170.17;;
120,Marcille,Biggen,mbiggen3b@discovery.com,Female,47.128.151.207;;
121,Zacherie,Suter,zsuter3c@elpais.com,Male,177.0.55.207;;
122,Bondy,Cullrford,bcullrford3d@wisc.edu,Male,175.24.102.7;;
123,Carmine,Van;der;Velde,cvandervelde3e@naver.com,Male,94.66.99.126
124,Daryn,Sirett,dsirett3f@addtoany.com,Female,129.162.170.40;;
125,Ezekiel,Manser,emanser3g@ft.com,Male,98.221.15.91;;
126,Adrian,Chelsom,achelsom3h@angelfire.com,Female,185.27.9.244;;
127,Remy,Strang,rstrang3i@marriott.com,Female,36.61.200.84;;
128,Loren,Arend,larend3j@miitbeian.gov.cn,Female,75.151.67.170;;
129,Ethelred,Tansey,etansey3k@skype.com,Male,195.31.158.240;;
130,Aileen,Poltun,apoltun3l@marriott.com,Female,197.184.121.58;;
131,Evvie,Bamell,ebamell3m@hc360.com,Female,72.70.138.155;;
132,Tommie,MacDearmaid,tmacdearmaid3n@fotki.com,Female,144.241.58.93;;
133,Leicester,Badini,lbadini3o@wired.com,Male,148.41.158.85;;
134,Conrade,Pullen,cpullen3p@wikispaces.com,Male,82.120.182.234;;
135,Marji,Adamovicz,madamovicz3q@techcrunch.com,Female,15.202.7.20;;
136,Richie,Conti,rconti3r@plala.or.jp,Male,119.106.136.189;;
137,Henrietta,McPheat,hmcpheat3s@weebly.com,Female,0.209.110.64;;
138,Mirabel,Littlechild,mlittlechild3t@mayoclinic.com,Female,235.210.150.191;;
139,Darren,Lanham,dlanham3u@multiply.com,Male,163.47.125.140;;
140,Gui,McGinnell,gmcginnell3v@homestead.com,Female,68.108.160.159;;
141,Carce,Newling,cnewling3w@nyu.edu,Male,32.141.86.49;;
142,Maura,Dennes,mdennes3x@github.io,Female,191.228.129.229;;
143,Kathryn,McMylor,kmcmylor3y@bing.com,Female,212.98.230.163;;
144,Sheeree,Haverson,shaverson3z@histats.com,Female,46.8.134.100;;
145,Erik,Conelly,econelly40@unblog.fr,Male,197.10.140.244;;
146,Lennard,Steptowe,lsteptowe41@comcast.net,Male,234.155.14.127;;
147,Katharyn,Clissett,kclissett42@shinystat.com,Female,24.20.192.14;;
148,Euphemia,Emnoney,eemnoney43@miibeian.gov.cn,Female,242.108.118.76;;
149,Abby,Margrem,amargrem44@ifeng.com,Female,144.255.155.201;;
150,Joyann,McRorie,jmcrorie45@hubpages.com,Female,45.139.29.4;;
151,Austin,Lilley,alilley46@cmu.edu,Male,59.105.197.55;;
152,Mano,Stack,mstack47@blogtalkradio.com,Male,224.155.45.248;;
153,Vance,Huxster,vhuxster48@scribd.com,Male,70.2.164.63;;
154,Kayla,Mawne,kmawne49@odnoklassniki.ru,Female,182.250.32.5;;
155,Stanley,Benz,sbenz4a@ask.com,Male,249.77.242.28;;
156,Raphaela,Grinstead,rgrinstead4b@nsw.gov.au,Female,3.186.55.106;;
157,Alaine,Summerbell,asummerbell4c@bloglovin.com,Female,6.12.115.215;;
158,Selinda,Erbe,serbe4d@businessweek.com,Female,98.99.100.13;;
159,Bancroft,Smeal,bsmeal4e@nydailynews.com,Male,67.55.239.61;;
160,Jemimah,Perryn,jperryn4f@fema.gov,Female,30.167.133.130;;
161,Almire,Celes,aceles4g@patch.com,Female,229.125.66.97;;
162,Rockey,Beardsley,rbeardsley4h@ft.com,Male,88.34.16.59;;
163,Charyl,Walenta,cwalenta4i@npr.org,Female,127.36.113.14;;
164,Robenia,Gilpin,rgilpin4j@va.gov,Female,116.130.183.215;;
165,Fedora,Churchyard,fchurchyard4k@csmonitor.com,Female,183.126.46.53;;
166,Cecelia,Toffoloni,ctoffoloni4l@hibu.com,Female,200.83.129.185;;
167,Lorin,Morando,lmorando4m@redcross.org,Male,202.8.35.51;;
168,Massimiliano,Salkeld,msalkeld4n@fastcompany.com,Male,72.116.181.65;;
169,Bud,Remon,bremon4o@seattletimes.com,Male,206.171.55.236;;
170,Druci,Lightwood,dlightwood4p@people.com.cn,Female,7.63.39.247;;
171,Becki,Stirton,bstirton4q@fema.gov,Female,100.126.20.164;;
172,Galen,Chessell,gchessell4r@photobucket.com,Male,88.198.62.107;;
173,Darb,MacMenamy,dmacmenamy4s@wikimedia.org,Male,216.23.44.237;;
174,Tirrell,McLaggan,tmclaggan4t@fc2.com,Male,149.37.159.7;;
175,Dorolisa,Addionizio,daddionizio4u@google.com.au,Female,174.70.119.231;;
176,Vick,Askin,vaskin4v@craigslist.org,Male,102.171.153.152;;
177,Darrick,Doey,ddoey4w@vk.com,Male,49.97.138.87;;
178,Jeffie,Long,jlong4x@acquirethisname.com,Male,26.148.149.142;;
179,Lise,Bothams,lbothams4y@ow.ly,Female,13.208.84.27;;
180,Lawrence,Powlett,lpowlett4z@twitpic.com,Male,11.160.108.133;;
181,Pamela,Figliovanni,pfigliovanni50@tamu.edu,Female,248.227.251.144;;
182,Manolo,Carik,mcarik51@freewebs.com,Male,28.187.60.214;;
183,Prue,Plowell,pplowell52@scribd.com,Female,127.204.149.98;;
184,Katlin,Deporte,kdeporte53@odnoklassniki.ru,Female,14.254.237.42;;
185,Percy,Castagneto,pcastagneto54@geocities.com,Male,187.192.54.62;;
186,Allister,Timeby,atimeby55@eventbrite.com,Male,100.139.63.240;;
187,Augy,Martinovic,amartinovic56@nationalgeographic.com,Male,31.90.246.255;;
188,Joella,Search,jsearch57@goo.ne.jp,Female,164.131.141.58;;
189,Jermayne,Ricardou,jricardou58@bravesites.com,Male,183.19.134.1;;
190,Datha,Kobierra,dkobierra59@is.gd,Female,146.70.185.196;;
191,Adams,Barsby,abarsby5a@forbes.com,Male,143.134.192.19;;
192,Chane,Hinksen,chinksen5b@sfgate.com,Male,24.12.120.96;;
193,Dulcy,Rysdale,drysdale5c@ed.gov,Female,93.8.148.96;;
194,Fania,Whaley,fwhaley5d@cpanel.net,Female,64.122.17.59;;
195,Darlene,Smuth,dsmuth5e@comcast.net,Female,12.155.246.104;;
196,Pepi,Guile,pguile5f@linkedin.com,Female,167.154.9.63;;
197,Jannelle,Haseley,jhaseley5g@youtu.be,Female,123.89.79.172;;
198,Reidar,Linn,rlinn5h@wsj.com,Male,169.128.185.6;;
199,Liva,Dunthorne,ldunthorne5i@nba.com,Female,100.124.51.41;;
200,Ibbie,Daile,idaile5j@google.com.au,Female,215.18.130.136;;
201,Dawn,McGrane,dmcgrane5k@furl.net,Female,238.88.60.217;;
202,Hernando,Maith,hmaith5l@chronoengine.com,Male,53.13.47.6;;
203,Vera,Crumby,vcrumby5m@exblog.jp,Female,152.99.19.128;;
204,Rozanne,Langrish,rlangrish5n@netvibes.com,Female,205.236.83.139;;
205,Kalle,Cheltnam,kcheltnam5o@gizmodo.com,Male,160.238.91.68;;
206,Derward,Ingleby,dingleby5p@so-net.ne.jp,Male,182.248.129.225;;
207,Allie,Tinline,atinline5q@msn.com,Female,116.98.28.12;;
208,Tore,Bollum,tbollum5r@creativecommons.org,Male,59.9.117.220;;
209,Carilyn,Hadingham,chadingham5s@paginegialle.it,Female,4.58.188.36;;
210,Bear,Bransgrove,bbransgrove5t@shop-pro.jp,Male,185.169.46.109;;
211,Marnia,Mullen,mmullen5u@ifeng.com,Female,13.93.253.185;;
212,Farrand,von;Grollmann,fvongrollmann5v@tmall.com,Female,76.62.174.184;
213,Zorah,Mayell,zmayell5w@salon.com,Female,145.105.155.18;;
214,Kori,Levison,klevison5x@barnesandnoble.com,Female,82.170.1.100;;
215,Wolfgang,Swendell,wswendell5y@unc.edu,Male,19.134.166.161;;
216,Kaile,Fotherby,kfotherby5z@usgs.gov,Female,191.107.14.197;;
217,Odey,Halstead,ohalstead60@google.co.jp,Male,192.29.116.155;;
218,Leighton,Huxtable,lhuxtable61@latimes.com,Male,176.153.118.237;;
219,Gar,Stears,gstears62@youku.com,Male,56.56.146.113;;
220,Olav,Alcido,oalcido63@squarespace.com,Male,184.164.36.173;;
221,Curr,Kiefer,ckiefer64@mozilla.com,Male,135.208.180.26;;
222,Hyacinthia,Domerc,hdomerc65@prnewswire.com,Female,5.23.143.213;;
223,Alyse,Kevern,akevern66@epa.gov,Female,53.128.0.137;;
224,Algernon,Ryce,aryce67@princeton.edu,Male,97.188.217.1;;
225,Gustie,Prandy,gprandy68@nih.gov,Female,241.208.230.170;;
226,Quintilla,Chicchetto,qchicchetto69@hubpages.com,Female,51.215.35.133;;
227,Georgianna,Setterthwait,gsetterthwait6a@ibm.com,Female,194.56.103.166;;
228,Daryle,Maciaszczyk,dmaciaszczyk6b@domainmarket.com,Male,192.179.222.96;;
229,Terry,Lilbourne,tlilbourne6c@sciencedaily.com,Male,120.54.87.246;;
230,Wynnie,Coughlan,wcoughlan6d@seesaa.net,Female,61.68.164.83;;
231,Elvera,Beddie,ebeddie6e@hexun.com,Female,147.193.90.110;;
232,Jammie,Storah,jstorah6f@dot.gov,Female,30.86.192.182;;
233,Alwyn,Southey,asouthey6g@ow.ly,Male,84.152.48.72;;
234,Kaja,Eastam,keastam6h@state.gov,Female,255.71.68.15;;
235,Letti,Flello,lflello6i@dmoz.org,Female,81.32.204.196;;
236,Nannie,Giacobilio,ngiacobilio6j@latimes.com,Female,203.87.232.80;;
237,Walt,Colbron,wcolbron6k@pen.io,Male,56.37.21.207;;
238,Killy,Bownd,kbownd6l@lycos.com,Male,58.220.27.66;;
239,Monroe,Fareweather,mfareweather6m@goo.gl,Male,167.146.164.154;;
240,Milli,Tanby,mtanby6n@123-reg.co.uk,Female,236.113.88.55;;
241,Carol-jean,Duffree,cduffree6o@webmd.com,Female,150.189.26.241;;
242,Moina,Glassborow,mglassborow6p@diigo.com,Female,43.129.12.246;;
243,Simone,Ahlf,sahlf6q@theguardian.com,Female,149.35.50.94;;
244,Marjy,Gilligan,mgilligan6r@oracle.com,Female,40.36.127.206;;
245,Carolynn,Welbourn,cwelbourn6s@independent.co.uk,Female,65.245.11.60;;
246,Daile,Tumasian,dtumasian6t@amazon.co.jp,Female,18.145.247.82;;
247,Doralynne,Mazonowicz,dmazonowicz6u@tinypic.com,Female,208.154.159.103;;
248,Bernadina,Pilkinton,bpilkinton6v@creativecommons.org,Female,47.7.235.238;;
249,Lacie,Dorsett,ldorsett6w@amazon.co.jp,Female,69.55.78.147;;
250,Devonne,Ternent,dternent6x@scribd.com,Female,0.183.0.10;;
251,Elizabet,Marian,emarian6y@ebay.co.uk,Female,52.60.117.140;;
252,Adolf,Yeudall,ayeudall6z@zimbio.com,Male,69.122.58.51;;
253,Marnia,Wennington,mwennington70@webeden.co.uk,Female,120.156.164.80;;
254,Jany,Blackshaw,jblackshaw71@home.pl,Female,5.114.209.140;;
255,Guido,Gray,ggray72@eepurl.com,Male,120.209.45.169;;
256,Virgina,Yurmanovev,vyurmanovev73@mapy.cz,Female,193.40.152.182;;
257,Mile,Giacomi,mgiacomi74@wired.com,Male,216.89.83.18;;
258,Jarrett,Edmonson,jedmonson75@lulu.com,Male,84.33.66.170;;
259,Tye,Erlam,terlam76@oaic.gov.au,Male,103.160.17.231;;
260,Reeba,Farnham,rfarnham77@msu.edu,Female,218.223.133.154;;
261,Patty,Lambard,plambard78@is.gd,Female,195.211.63.18;;
262,Whitney,Roels,wroels79@myspace.com,Male,204.187.217.61;;
263,Georgeanna,Brace,gbrace7a@google.com,Female,154.90.6.2;;
264,Essy,Burland,eburland7b@vk.com,Female,182.125.74.171;;
265,Terry,Hugonet,thugonet7c@tumblr.com,Male,130.252.218.147;;
266,Otes,Caris,ocaris7d@vkontakte.ru,Male,86.183.220.48;;
267,Katina,Egarr,kegarr7e@dell.com,Female,201.132.11.115;;
268,Tawsha,Foakes,tfoakes7f@reverbnation.com,Female,101.215.59.59;;
269,Emlen,Hovel,ehovel7g@abc.net.au,Male,45.213.69.199;;
270,Eamon,Rooms,erooms7h@engadget.com,Male,72.50.21.225;;
271,Aloysius,Lansley,alansley7i@quantcast.com,Male,144.206.95.6;;
272,Osbourne,Jennins,ojennins7j@linkedin.com,Male,177.198.161.171;;
273,Piper,Marquis,pmarquis7k@washington.edu,Female,68.249.186.91;;
274,Irwinn,Canto,icanto7l@goodreads.com,Male,153.250.254.75;;
275,Adaline,Baskerfield,abaskerfield7m@vkontakte.ru,Female,91.231.231.8;;
276,Korrie,Colebourn,kcolebourn7n@ustream.tv,Female,112.99.8.185;;
277,Lorenzo,Limon,llimon7o@reference.com,Male,127.248.74.45;;
278,Doralynne,Ullrich,dullrich7p@techcrunch.com,Female,123.144.249.208;;
279,Beth,Server,bserver7q@nhs.uk,Female,178.215.60.241;;
280,Mara,Bedburrow,mbedburrow7r@behance.net,Female,227.207.161.181;;
281,Emmalee,Nouch,enouch7s@mail.ru,Female,227.218.146.37;;
282,Templeton,Haet,thaet7t@dropbox.com,Male,95.187.148.110;;
283,Marita,Jacobbe,mjacobbe7u@joomla.org,Female,39.20.43.168;;
284,Brittaney,Benian,bbenian7v@baidu.com,Female,53.117.120.170;;
285,Tonie,Bristow,tbristow7w@tamu.edu,Female,94.46.30.66;;
286,Corly,Charlewood,ccharlewood7x@theglobeandmail.com,Female,1.197.143.52;;
287,Hirsch,End,hend7y@omniture.com,Male,97.8.35.238;;
288,Helene,Peaden,hpeaden7z@gmpg.org,Female,163.79.73.89;;
289,Lizzy,Danels,ldanels80@yale.edu,Female,36.235.199.195;;
290,Gabby,Wrigley,gwrigley81@thetimes.co.uk,Male,242.137.46.11;;
291,Arabele,Cory,acory82@meetup.com,Female,172.16.232.104;;
292,Nathanil,Korf,nkorf83@tripadvisor.com,Male,161.152.138.135;;
293,Aube,Martyntsev,amartyntsev84@google.nl,Male,119.207.147.81;;
294,Lilli,Mayling,lmayling85@angelfire.com,Female,230.84.136.249;;
295,Marina,Kennford,mkennford86@nymag.com,Female,5.154.50.208;;
296,Alvy,Dinesen,adinesen87@economist.com,Male,100.16.17.3;;
297,Mariana,Yeardsley,myeardsley88@xing.com,Female,88.236.53.51;;
298,Fallon,Pressdee,fpressdee89@hexun.com,Female,120.242.157.28;;
299,Idaline,Liell,iliell8a@unesco.org,Female,44.155.230.100;;
300,Georgette,Mellmer,gmellmer8b@desdev.cn,Female,64.252.23.61;;
301,Giacopo,Cicullo,gcicullo8c@ycombinator.com,Male,137.33.132.58;;
302,Reider,Lidgett,rlidgett8d@t.co,Male,68.202.132.85;;
303,Pepi,Harses,pharses8e@mysql.com,Female,145.246.211.235;;
304,Elinore,Arias,earias8f@jiathis.com,Female,212.182.28.168;;
305,Edie,Truitt,etruitt8g@godaddy.com,Female,67.177.186.92;;
306,Byrann,Marrow,bmarrow8h@weibo.com,Male,61.153.41.150;;
307,Susanna,Pardon,spardon8i@earthlink.net,Female,77.161.85.110;;
308,Cecily,Ventom,cventom8j@paginegialle.it,Female,248.186.166.46;;
309,Nat,Purple,npurple8k@printfriendly.com,Male,163.57.162.47;;
310,Panchito,Piddick,ppiddick8l@istockphoto.com,Male,159.12.151.170;;
311,Ragnar,Blucher,rblucher8m@naver.com,Male,184.215.24.242;;
312,Stanton,Cucuzza,scucuzza8n@earthlink.net,Male,59.34.154.114;;
313,Barr,Winchcombe,bwinchcombe8o@rakuten.co.jp,Male,122.20.98.224;;
314,Arne,Zorzini,azorzini8p@qq.com,Male,51.128.178.129;;
315,Alley,Hawkins,ahawkins8q@w3.org,Male,62.188.112.178;;
316,Janek,Cleever,jcleever8r@hc360.com,Male,239.5.208.36;;
317,Deny,Golden;of;Ireland,dgoldenofireland8s@mayoclinic.com,Female,200.157.27.199
318,Camey,Gillaspy,cgillaspy8t@ameblo.jp,Male,74.210.163.48;;
319,Ivor,Wonfor,iwonfor8u@ibm.com,Male,168.187.115.82;;
320,Rutherford,McFarlane,rmcfarlane8v@feedburner.com,Male,66.30.189.42;;
321,Shell,Abramovic,sabramovic8w@newyorker.com,Female,167.142.13.244;;
322,Olivier,Latey,olatey8x@chronoengine.com,Male,238.44.10.166;;
323,Max,Coots,mcoots8y@parallels.com,Male,161.59.92.138;;
324,Artair,Pallaske,apallaske8z@elegantthemes.com,Male,29.42.39.107;;
325,Gilberto,Aires,gaires90@discuz.net,Male,200.45.184.242;;
326,Ajay,Jacombs,ajacombs91@vinaora.com,Female,165.67.17.95;;
327,Emelita,Aronstam,earonstam92@parallels.com,Female,151.232.180.247;;
328,Carlynne,Panketh,cpanketh93@mozilla.com,Female,14.7.68.49;;
329,Ezequiel,Browell,ebrowell94@yahoo.com,Male,100.209.40.61;;
330,Kinsley,Ellwell,kellwell95@redcross.org,Male,44.27.68.117;;
331,Niccolo,Haydon,nhaydon96@cdc.gov,Male,146.60.95.184;;
332,Munroe,Muddle,mmuddle97@salon.com,Male,224.218.252.180;;
333,Ewen,Huske,ehuske98@live.com,Male,92.67.68.150;;
334,Katine,Cuardall,kcuardall99@networkadvertising.org,Female,46.22.168.45;;
335,Tawnya,Seamons,tseamons9a@unc.edu,Female,137.174.170.23;;
336,Gal,Safell,gsafell9b@symantec.com,Male,248.199.60.35;;
337,Sheena,Schachter,sschachter9c@nbcnews.com,Female,189.158.119.14;;
338,Kevon,Varney,kvarney9d@apple.com,Male,211.152.102.232;;
339,Quentin,Kobierra,qkobierra9e@drupal.org,Female,10.103.80.138;;
340,Alidia,Lorenzin,alorenzin9f@domainmarket.com,Female,46.149.14.90;;
341,Terencio,Tillerton,ttillerton9g@gravatar.com,Male,71.244.218.238;;
342,Jennifer,Hardington,jhardington9h@diigo.com,Female,194.145.38.51;;
343,Rancell,Batchley,rbatchley9i@smh.com.au,Male,150.159.40.148;;
344,Lonny,Strugnell,lstrugnell9j@state.tx.us,Male,231.229.132.156;;
345,Joyann,Harkus,jharkus9k@reuters.com,Female,218.106.195.198;;
346,Trent,Cavil,tcavil9l@homestead.com,Male,69.208.167.89;;
347,Brietta,Newlands,bnewlands9m@ebay.com,Female,152.169.185.202;;
348,Corrianne,Hache,chache9n@jugem.jp,Female,153.212.10.141;;
349,Rubi,Romanelli,rromanelli9o@google.co.uk,Female,178.153.133.118;;
350,Angelique,Argontt,aargontt9p@imageshack.us,Female,78.110.130.112;;
351,Alberto,Jilkes,ajilkes9q@goo.ne.jp,Male,250.66.106.48;;
352,Kai,Tankin,ktankin9r@comsenz.com,Female,80.199.154.115;;
353,Boy,Mattek,bmattek9s@jimdo.com,Male,18.210.40.100;;
354,Cybil,Bottle,cbottle9t@soundcloud.com,Female,161.74.29.228;;
355,Jameson,Barby,jbarby9u@123-reg.co.uk,Male,48.205.239.14;;
356,Abbot,Emney,aemney9v@google.nl,Male,71.30.82.62;;
357,Friedrick,Worcs,fworcs9w@usgs.gov,Male,3.123.213.175;;
358,Adrianne,Boulder,aboulder9x@tinyurl.com,Female,103.167.19.155;;
359,Evelin,Fleay,efleay9y@canalblog.com,Male,113.216.108.191;;
360,Allie,Shilladay,ashilladay9z@cnn.com,Male,185.71.89.227;;
361,Costa,MacGraith,cmacgraitha0@ovh.net,Male,152.237.62.104;;
362,Wendi,Bremley,wbremleya1@slideshare.net,Female,220.88.121.64;;
363,Brianne,Cressor,bcressora2@slashdot.org,Female,139.187.9.56;;
364,Evered,Posthill,eposthilla3@pagesperso-orange.fr,Male,118.213.43.136;;
365,Magdalene,Ruggiero,mruggieroa4@phpbb.com,Female,98.196.254.167;;
366,Felicio,Ciccarelli,fciccarellia5@exblog.jp,Male,217.13.121.34;;
367,Gilbert,Lorkins,glorkinsa6@360.cn,Male,6.20.33.153;;
368,Stanley,Brasher,sbrashera7@omniture.com,Male,58.87.190.19;;
369,Alphard,Downs,adownsa8@wsj.com,Male,28.6.38.160;;
370,Addi,Warfield,awarfielda9@taobao.com,Female,219.230.51.37;;
371,Towny,Nunn,tnunnaa@digg.com,Male,51.87.84.124;;
372,Inglis,Hedon,ihedonab@wordpress.org,Male,186.248.158.122;;
373,Berny,Tobias,btobiasac@vimeo.com,Female,184.58.77.239;;
374,Travers,Gage,tgagead@wiley.com,Male,105.249.234.139;;
375,Darbee,Tyer,dtyerae@hugedomains.com,Male,83.21.238.57;;
376,Chick,Connett,cconnettaf@cmu.edu,Male,43.122.60.146;;
377,Guinna,Chrstine,gchrstineag@theguardian.com,Female,81.161.34.60;;
378,Cordy,Walsom,cwalsomah@macromedia.com,Female,251.44.201.116;;
379,Field,Gritland,fgritlandai@posterous.com,Male,177.37.115.0;;
380,Alexina,Camble,acambleaj@sitemeter.com,Female,217.131.120.224;;
381,Harli,Cardoo,hcardooak@timesonline.co.uk,Female,145.47.106.224;;
382,Conchita,Hovel,chovelal@adobe.com,Female,243.241.162.243;;
383,Merill,Surgison,msurgisonam@unicef.org,Male,125.40.225.11;;
384,Wesley,Sutcliffe,wsutcliffean@amazonaws.com,Male,14.117.211.217;;
385,Sammie,Comrie,scomrieao@imageshack.us,Male,131.222.193.131;;
386,Cecil,Wrangle,cwrangleap@foxnews.com,Male,180.178.9.238;;
387,Ivan,Giral,igiralaq@oaic.gov.au,Male,28.250.20.26;;
388,Shaina,Stronach,sstronachar@infoseek.co.jp,Female,238.227.82.51;;
389,Massimiliano,Attwool,mattwoolas@github.io,Male,26.154.170.144;;
390,Madelle,Newitt,mnewittat@japanpost.jp,Female,63.254.148.189;;
391,Gene,Dayer,gdayerau@who.int,Female,137.67.188.207;;
392,Jeremias,Le;Gassick,jlegassickav@bizjournals.com,Male,162.9.154.133;
393,Nicholle,Aluard,naluardaw@google.pl,Female,62.23.71.244;;
394,Adler,Watkinson,awatkinsonax@ca.gov,Male,67.134.189.253;;
395,Tabitha,Conen,tconenay@psu.edu,Female,194.190.189.0;;
396,Kirstyn,Brockton,kbrocktonaz@xrea.com,Female,225.195.64.130;;
397,Osbert,Chillistone,ochillistoneb0@buzzfeed.com,Male,28.22.75.81;;
398,Julio,Barclay,jbarclayb1@vistaprint.com,Male,149.208.131.89;;
399,Susanna,Izhaky,sizhakyb2@mashable.com,Female,150.91.23.143;;
400,Wiatt,Rentoll,wrentollb3@unesco.org,Male,165.5.48.234;;
401,Hannah,Rodenborch,hrodenborchb4@soup.io,Female,46.159.56.174;;
402,Dianna,Edie,dedieb5@rediff.com,Female,165.144.30.106;;
403,Jenn,Euston,jeustonb6@yellowpages.com,Female,216.207.60.239;;
404,Stern,Shuttle,sshuttleb7@seesaa.net,Male,208.229.190.136;;
405,Quinta,Largen,qlargenb8@cbc.ca,Female,62.172.209.40;;
406,Iver,Garoghan,igaroghanb9@digg.com,Male,151.121.130.75;;
407,Domenico,Jackes,djackesba@army.mil,Male,148.51.71.124;;
408,Rafaello,Hancox,rhancoxbb@nifty.com,Male,122.59.42.127;;
409,Wendy,Caccavari,wcaccavaribc@gov.uk,Female,134.133.152.196;;
410,Leeanne,Hellings,lhellingsbd@pinterest.com,Female,5.37.64.241;;
411,Shaw,Errol,serrolbe@msn.com,Male,196.244.96.210;;
412,Adore,Oger,aogerbf@flavors.me,Female,69.51.96.159;;
413,Giffy,Kenton,gkentonbg@nationalgeographic.com,Male,153.218.205.138;;
414,Ingram,Boothroyd,iboothroydbh@yolasite.com,Male,130.252.88.194;;
415,Lexis,Ellings,lellingsbi@nps.gov,Female,221.120.103.164;;
416,Milissent,Gallihaulk,mgallihaulkbj@exblog.jp,Female,254.165.115.9;;
417,Hali,Dryden,hdrydenbk@tripod.com,Female,144.255.51.200;;
418,Fernando,Fowley,ffowleybl@soundcloud.com,Male,157.36.49.234;;
419,Guthrey,Grece,ggrecebm@usgs.gov,Male,202.88.61.18;;
420,Jdavie,Widdowson,jwiddowsonbn@symantec.com,Male,243.1.142.6;;
421,Gerek,Colum,gcolumbo@loc.gov,Male,212.147.210.228;;
422,Marge,Daughtry,mdaughtrybp@over-blog.com,Female,28.1.163.159;;
423,Ronnie,Folca,rfolcabq@reuters.com,Male,185.107.25.5;;
424,Bren,Lever,bleverbr@census.gov,Female,11.154.86.33;;
425,Erma,Baroux,ebarouxbs@devhub.com,Female,238.176.200.24;;
426,Biron,MacBey,bmacbeybt@e-recht24.de,Male,140.16.119.37;;
427,Mohandis,Filippone,mfilipponebu@cam.ac.uk,Male,211.143.120.76;;
428,Shaylynn,Woollett,swoollettbv@dailymotion.com,Female,99.106.233.139;;
429,Marylin,Grady,mgradybw@shareasale.com,Female,188.34.171.97;;
430,Cindie,Keets,ckeetsbx@goo.ne.jp,Female,52.33.177.76;;
431,Orville,Bradburne,obradburneby@foxnews.com,Male,18.234.30.1;;
432,Jeth,Piotr,jpiotrbz@furl.net,Male,132.170.162.227;;
433,Loree,Brammall,lbrammallc0@microsoft.com,Female,48.200.19.81;;
434,Travis,Swateridge,tswateridgec1@sbwire.com,Male,216.200.172.103;;
435,Mellisent,Flaws,mflawsc2@bluehost.com,Female,102.86.34.45;;
436,Sosanna,Hotton,shottonc3@vkontakte.ru,Female,24.120.154.158;;
437,Jessee,Nozzolii,jnozzoliic4@google.com.br,Male,0.248.89.224;;
438,Nicolina,Sheridan,nsheridanc5@1und1.de,Female,131.90.230.142;;
439,Shanan,Pavlov,spavlovc6@si.edu,Male,169.254.4.237;;
440,Charmain,Jakobsson,cjakobssonc7@linkedin.com,Female,144.2.107.187;;
441,Trefor,Probin,tprobinc8@state.gov,Male,77.225.207.172;;
442,Marina,Winsiowiecki,mwinsiowieckic9@wisc.edu,Female,9.92.244.26;;
443,Yancey,Sprott,ysprottca@accuweather.com,Male,30.61.79.122;;
444,Andreana,McGaffey,amcgaffeycb@arstechnica.com,Female,6.69.24.33;;
445,Norrie,Rolin,nrolincc@psu.edu,Male,160.63.251.236;;
446,Angeli,Keeffe,akeeffecd@fda.gov,Male,48.62.255.135;;
447,Aldin,McCartney,amccartneyce@noaa.gov,Male,75.174.69.111;;
448,Letitia,Colten,lcoltencf@nps.gov,Female,181.163.205.57;;
449,Louella,McCall,lmccallcg@samsung.com,Female,38.91.47.151;;
450,Rance,Spinnace,rspinnacech@gov.uk,Male,228.189.93.236;;
451,Barthel,Cavalier,bcavalierci@smh.com.au,Male,229.119.116.10;;
452,Connie,Ghidelli,cghidellicj@hostgator.com,Female,198.30.73.126;;
453,Ignaz,Gwillyam,igwillyamck@phpbb.com,Male,170.193.100.196;;
454,Tori,Landsborough,tlandsboroughcl@1688.com,Female,187.162.36.46;;
455,Rabbi,Colam,rcolamcm@nps.gov,Male,16.246.176.201;;
456,Lyon,O'Rudden,loruddencn@opera.com,Male,208.94.176.123;;
457,Vivia,Leslie,vleslieco@usatoday.com,Female,167.110.29.251;;
458,Ruperto,Coldwell,rcoldwellcp@si.edu,Male,128.62.48.211;;
459,Jodi,Kreber,jkrebercq@youtu.be,Male,206.131.168.67;;
460,Josselyn,Murrigan,jmurrigancr@canalblog.com,Female,72.80.134.117;;
461,Darnall,Ajean,dajeancs@ihg.com,Male,248.46.177.245;;
462,Linnell,Housecraft,lhousecraftct@storify.com,Female,237.165.2.222;;
463,Ardelle,Hess,ahesscu@prlog.org,Female,88.80.197.134;;
464,Carissa,Falkus,cfalkuscv@furl.net,Female,197.13.48.134;;
465,Penny,Stormonth,pstormonthcw@weibo.com,Male,145.120.17.48;;
466,Simeon,Aartsen,saartsencx@yolasite.com,Male,249.11.119.129;;
467,Hamish,Strathdee,hstrathdeecy@geocities.com,Male,166.226.108.97;;
468,Lancelot,Greber,lgrebercz@wikia.com,Male,230.106.216.161;;
469,Jordana,Tabard,jtabardd0@1688.com,Female,152.3.56.187;;
470,Erek,Patchett,epatchettd1@usgs.gov,Male,195.161.249.72;;
471,Kizzie,D'Emanuele,kdemanueled2@netlog.com,Female,185.220.122.37;;
472,Riobard,Eagleton,reagletond3@diigo.com,Male,117.11.219.138;;
473,Dolf,Sibun,dsibund4@devhub.com,Male,152.48.247.244;;
474,Hyacintha,Ouldcott,houldcottd5@github.io,Female,29.150.55.28;;
475,Gertie,Keeping,gkeepingd6@ebay.co.uk,Female,29.166.62.111;;
476,Daryl,Flewett,dflewettd7@symantec.com,Female,139.117.49.213;;
477,Suzann,Ditts,sdittsd8@creativecommons.org,Female,156.42.73.157;;
478,Maurise,Flowith,mflowithd9@imgur.com,Male,56.43.35.129;;
479,Carmine,Perigoe,cperigoeda@twitter.com,Female,160.226.143.76;;
480,Jade,Kettles,jkettlesdb@example.com,Female,243.103.206.202;;
481,Brande,Stocken,bstockendc@state.gov,Female,73.21.156.170;;
482,Noland,Feakins,nfeakinsdd@boston.com,Male,43.116.128.144;;
483,Jakie,Ellsworthe,jellsworthede@craigslist.org,Male,186.224.183.108;;
484,Karita,Chattaway,kchattawaydf@desdev.cn,Female,104.67.169.253;;
485,Sibylle,Malcher,smalcherdg@youtube.com,Female,189.36.34.77;;
486,Darell,Rosettini,drosettinidh@instagram.com,Female,18.196.219.123;;
487,Starlene,Somersett,ssomersettdi@ask.com,Female,189.47.110.215;;
488,Kendra,Deroche,kderochedj@guardian.co.uk,Female,247.107.235.213;;
489,Winnie,Fidelli,wfidellidk@devhub.com,Female,254.226.206.191;;
490,Ashia,Frederick,afrederickdl@typepad.com,Female,230.170.230.82;;
491,Calv,Van;Rembrandt,cvanrembrandtdm@umn.edu,Male,200.229.242.117;
492,Allene,Lambdean,alambdeandn@theglobeandmail.com,Female,38.82.126.70;;
493,Garrek,Jeffes,gjeffesdo@angelfire.com,Male,157.109.88.121;;
494,Melesa,Brewse,mbrewsedp@usatoday.com,Female,165.225.197.53;;
495,Cash,Golborn,cgolborndq@blog.com,Male,41.224.178.36;;
496,Mercedes,Faulds,mfauldsdr@imdb.com,Female,255.44.76.13;;
497,Goldy,Owthwaite,gowthwaiteds@flickr.com,Female,87.77.90.221;;
498,Bob,Londer,blonderdt@statcounter.com,Male,6.85.132.146;;
499,Aryn,Shafier,ashafierdu@hugedomains.com,Female,133.0.78.166;;
500,Pru,Joule,pjouledv@sina.com.cn,Female,240.109.38.168;;
501,Ortensia,Chavrin,ochavrindw@cam.ac.uk,Female,219.59.164.17;;
502,Ronny,Wackley,rwackleydx@hp.com,Female,41.195.249.72;;
503,Orton,Hambatch,ohambatchdy@tripod.com,Male,118.11.99.132;;
504,Prent,Shewan,pshewandz@mashable.com,Male,186.109.88.246;;
505,Bud,Cobbe,bcobbee0@diigo.com,Male,89.148.237.153;;
506,Wye,Korf,wkorfe1@google.co.jp,Male,64.231.2.37;;
507,Eduino,Royson,eroysone2@imgur.com,Male,58.69.63.127;;
508,Benedikt,Ebourne,bebournee3@theglobeandmail.com,Male,113.15.249.138;;
509,Genni,Gater,ggatere4@japanpost.jp,Female,28.16.30.8;;
510,Edith,Hufton,ehuftone5@sina.com.cn,Female,44.27.80.144;;
511,Frankie,Pablo,fpabloe6@webeden.co.uk,Female,43.236.73.56;;
512,Ari,Kohtler,akohtlere7@skype.com,Male,13.166.59.74;;
513,Bret,Bendle,bbendlee8@sohu.com,Male,117.223.195.63;;
514,Nariko,Steptowe,nsteptowee9@paginegialle.it,Female,133.250.25.220;;
515,Bartram,Armin,barminea@csmonitor.com,Male,149.88.130.145;;
516,Niels,Boxell,nboxelleb@latimes.com,Male,64.128.106.229;;
517,Lyell,Margaritelli,lmargaritelliec@economist.com,Male,96.37.92.158;;
518,Sigismund,Lefley,slefleyed@sohu.com,Male,97.73.59.160;;
519,Ingra,Dubbin,idubbinee@cam.ac.uk,Male,234.171.125.227;;
520,Ellette,Lamke,elamkeef@un.org,Female,134.232.61.91;;
521,Shelagh,Greenroa,sgreenroaeg@fastcompany.com,Female,15.169.59.69;;
522,Frasquito,Rockwill,frockwilleh@ca.gov,Male,200.207.26.47;;
523,Cyrille,Hallmark,challmarkei@webmd.com,Male,58.132.2.217;;
524,Cynthie,Mauvin,cmauvinej@behance.net,Female,216.195.138.186;;
525,Billie,Turley,bturleyek@whitehouse.gov,Female,40.204.136.247;;
526,Gustav,Trower,gtrowerel@artisteer.com,Male,141.20.48.218;;
527,Orv,Dowden,odowdenem@usda.gov,Male,118.192.148.136;;
528,Jana,Pembridge,jpembridgeen@lulu.com,Female,120.233.52.118;;
529,Vernon,Toffalo,vtoffaloeo@springer.com,Male,164.209.236.36;;
530,Sidonnie,Kirkpatrick,skirkpatrickep@comsenz.com,Female,161.12.156.106;;
531,Alford,Dorward,adorwardeq@plala.or.jp,Male,222.45.66.172;;
532,Meryl,Devon,mdevoner@ask.com,Male,24.70.171.129;;
533,Saunders,Wilsey,swilseyes@cnet.com,Male,236.163.111.153;;
534,Shay,Clows,sclowset@cdc.gov,Male,201.46.127.62;;
535,Maddy,Gronav,mgronaveu@tinypic.com,Male,44.251.196.141;;
536,Goldy,Lusted,glustedev@ning.com,Female,228.138.13.119;;
537,Abbott,Haggis,ahaggisew@cbslocal.com,Male,40.159.144.53;;
538,Wenda,Bick,wbickex@rediff.com,Female,199.153.165.40;;
539,Sharleen,Kmieciak,skmieciakey@rediff.com,Female,189.162.5.143;;
540,Zita,Brightman,zbrightmanez@live.com,Female,148.37.145.12;;
541,Barr,Clissett,bclissettf0@nhs.uk,Male,38.4.165.91;;
542,Clarinda,Perigo,cperigof1@cbc.ca,Female,94.101.6.28;;
543,Isidro,Simonot,isimonotf2@go.com,Male,218.246.108.162;;
544,Kerry,Dmiterko,kdmiterkof3@example.com,Female,191.126.173.226;;
545,Jordon,Dashkovich,jdashkovichf4@odnoklassniki.ru,Male,63.136.80.123;;
546,Glenda,Give,ggivef5@chron.com,Female,134.78.187.170;;
547,Ashly,Fogarty,afogartyf6@123-reg.co.uk,Female,83.71.190.138;;
548,Naomi,Swapp,nswappf7@virginia.edu,Female,199.219.32.78;;
549,Agneta,Cours,acoursf8@cmu.edu,Female,169.174.9.129;;
550,Christoffer,Szymon,cszymonf9@mozilla.com,Male,214.15.6.234;;
551,Querida,Picton,qpictonfa@geocities.jp,Female,237.201.28.217;;
552,Fielding,Beacroft,fbeacroftfb@unesco.org,Male,176.67.162.10;;
553,Kilian,Denidge,kdenidgefc@wikispaces.com,Male,226.160.11.138;;
554,Nev,Joisce,njoiscefd@alexa.com,Male,94.104.246.29;;
555,Shaylah,Debrick,sdebrickfe@merriam-webster.com,Female,128.215.115.175;;
556,Packston,Minocchi,pminocchiff@washingtonpost.com,Male,203.165.252.151;;
557,Morten,Lynam,mlynamfg@zdnet.com,Male,116.238.189.200;;
558,Nevins,Wantling,nwantlingfh@dailymail.co.uk,Male,160.101.174.165;;
559,Car,Fetherston,cfetherstonfi@wix.com,Male,190.125.222.191;;
560,Dotti,Paddison,dpaddisonfj@google.com.au,Female,144.241.12.58;;
561,Lily,Dougill,ldougillfk@reverbnation.com,Female,223.155.180.230;;
562,Dalila,Berthomieu,dberthomieufl@about.com,Female,18.117.225.137;;
563,Alex,Hedan,ahedanfm@comcast.net,Male,162.214.230.210;;
564,Lindsay,Smoth,lsmothfn@oakley.com,Male,111.250.225.230;;
565,Lon,Powlett,lpowlettfo@netlog.com,Male,126.14.27.122;;
566,Casar,Kindle,ckindlefp@tamu.edu,Male,138.69.47.186;;
567,Jennine,Grennan,jgrennanfq@eepurl.com,Female,231.53.134.235;;
568,Dinah,Taysbil,dtaysbilfr@apache.org,Female,60.24.162.109;;
569,Daryl,Gravett,dgravettfs@xinhuanet.com,Male,136.212.212.249;;
570,Julita,Piche,jpicheft@pinterest.com,Female,0.67.206.168;;
571,Osgood,Borrie,oborriefu@chron.com,Male,113.248.45.58;;
572,Holly-anne,Robke,hrobkefv@lycos.com,Female,113.90.157.37;;
573,Gretna,Aubery,gauberyfw@a8.net,Female,47.177.3.230;;
574,Willette,Mahaffey,wmahaffeyfx@histats.com,Female,212.172.121.54;;
575,Abby,Oakton,aoaktonfy@irs.gov,Male,107.212.133.168;;
576,Vonny,Haulkham,vhaulkhamfz@dell.com,Female,27.36.28.101;;
577,Kylila,Shercliff,kshercliffg0@amazon.co.jp,Female,119.170.119.214;;
578,Shurlock,Borrell,sborrellg1@angelfire.com,Male,54.59.184.226;;
579,Read,Banker,rbankerg2@freewebs.com,Male,156.246.167.80;;
580,Grete,Ireland,girelandg3@cpanel.net,Female,207.171.17.210;;
581,Joshua,Furbank,jfurbankg4@sohu.com,Male,201.40.176.1;;
582,Layton,Antushev,lantushevg5@washingtonpost.com,Male,15.53.120.71;;
583,Catlee,Dunbavin,cdunbaving6@is.gd,Female,155.195.179.116;;
584,Jilli,Brummitt,jbrummittg7@webnode.com,Female,8.136.22.144;;
585,Franky,Parrott,fparrottg8@amazon.co.uk,Male,59.61.241.175;;
586,Waiter,Meiklem,wmeiklemg9@netvibes.com,Male,130.138.162.17;;
587,Rosie,McGrayle,rmcgraylega@networkadvertising.org,Female,218.66.185.96;;
588,Claudina,Martyns,cmartynsgb@scientificamerican.com,Female,73.3.153.111;;
589,Mendel,Glanders,mglandersgc@seattletimes.com,Male,118.23.30.194;;
590,Yelena,Courtese,ycourtesegd@godaddy.com,Female,220.207.27.100;;
591,Eva,Callow,ecallowge@opera.com,Female,160.163.17.35;;
592,Marybeth,Lafuente,mlafuentegf@globo.com,Female,217.241.36.251;;
593,Annabella,Cambell,acambellgg@feedburner.com,Female,180.17.234.8;;
594,Tann,Taylder,ttayldergh@uol.com.br,Male,245.143.58.141;;
595,Arie,Wessell,awessellgi@oracle.com,Male,79.64.206.49;;
596,Pattie,Daventry,pdaventrygj@hc360.com,Female,123.170.206.123;;
597,Marsh,Prandoni,mprandonigk@google.com.au,Male,134.203.230.26;;
598,Crawford,Sherwen,csherwengl@ifeng.com,Male,190.90.24.32;;
599,Gabe,Scates,gscatesgm@bbc.co.uk,Male,16.140.203.244;;
600,Sula,Sabberton,ssabbertongn@w3.org,Female,195.96.213.65;;
601,Diarmid,Sinkin,dsinkingo@comcast.net,Male,140.139.192.11;;
602,Kristin,Dadge,kdadgegp@wikimedia.org,Female,0.33.222.203;;
603,Shaylyn,Ithell,sithellgq@mysql.com,Female,159.47.89.141;;
604,Tess,Glaves,tglavesgr@marketwatch.com,Female,5.83.215.4;;
605,Deonne,Matitiaho,dmatitiahogs@instagram.com,Female,167.238.142.229;;
606,Leo,Dyment,ldymentgt@prnewswire.com,Male,113.181.24.107;;
607,Barney,Daftor,bdaftorgu@bbc.co.uk,Male,81.186.91.135;;
608,Normie,Frankling,nfranklinggv@quantcast.com,Male,221.177.167.114;;
609,Kinna,Shipman,kshipmangw@mapquest.com,Female,193.166.10.137;;
610,Neville,Major,nmajorgx@taobao.com,Male,131.199.130.204;;
611,Shawnee,Benedick,sbenedickgy@earthlink.net,Female,189.170.90.13;;
612,Elga,Duffit,eduffitgz@fda.gov,Female,117.223.49.200;;
613,Eldin,Seery,eseeryh0@upenn.edu,Male,36.199.160.50;;
614,Kerwin,Nanson,knansonh1@miitbeian.gov.cn,Male,134.249.195.149;;
615,Correy,D'Almeida,cdalmeidah2@microsoft.com,Male,250.234.50.137;;
616,Cesya,Renac,crenach3@skype.com,Female,46.7.238.62;;
617,Priscilla,Bomb,pbombh4@desdev.cn,Female,192.105.101.197;;
618,Addison,Lowres,alowresh5@google.pl,Male,240.145.212.251;;
619,Moise,Thomazin,mthomazinh6@fda.gov,Male,120.10.136.55;;
620,Blaine,Deaville,bdeavilleh7@mac.com,Male,169.197.134.251;;
621,Noelle,Balfe,nbalfeh8@about.me,Female,123.188.164.112;;
622,Sonny,Kernes,skernesh9@wix.com,Male,65.165.89.88;;
623,Julie,Downs,jdownsha@cdbaby.com,Male,33.242.114.185;;
624,Brigitte,Brackenbury,bbrackenburyhb@yellowbook.com,Female,241.251.184.159;;
625,Malva,Reeks,mreekshc@bizjournals.com,Female,199.19.42.28;;
626,Maurits,Sabathier,msabathierhd@intel.com,Male,189.219.157.139;;
627,Bord,Feathersby,bfeathersbyhe@clickbank.net,Male,128.68.47.76;;
628,Charo,Beausang,cbeausanghf@wsj.com,Female,174.168.247.60;;
629,Vitoria,Catto,vcattohg@1und1.de,Female,155.214.205.209;;
630,Michel,Flaubert,mflauberthh@hao123.com,Female,89.253.140.97;;
631,Ralph,Mandy,rmandyhi@fc2.com,Male,216.212.89.62;;
632,Dall,Bowlas,dbowlashj@yellowbook.com,Male,48.181.94.170;;
633,Bartholomew,Dowbekin,bdowbekinhk@comsenz.com,Male,74.234.43.212;;
634,Barbaraanne,Kersaw,bkersawhl@rediff.com,Female,183.192.175.69;;
635,Steffen,Tewelson,stewelsonhm@europa.eu,Male,67.204.79.167;;
636,Corbin,Treadger,ctreadgerhn@storify.com,Male,13.170.200.156;;
637,Elisha,Driffield,edriffieldho@economist.com,Female,57.41.152.155;;
638,Marline,Adran,madranhp@utexas.edu,Female,154.18.198.68;;
639,Miguela,Muzzullo,mmuzzullohq@furl.net,Female,250.36.183.201;;
640,Malcolm,Ivantyev,mivantyevhr@eepurl.com,Male,167.80.230.54;;
641,Chere,Ducham,cduchamhs@jalbum.net,Female,211.79.69.252;;
642,Deidre,Murcutt,dmurcuttht@harvard.edu,Female,32.48.102.47;;
643,Hestia,Houseman,hhousemanhu@fotki.com,Female,57.255.162.11;;
644,Alfred,Buzine,abuzinehv@ft.com,Male,242.29.166.221;;
645,Rowland,Joire,rjoirehw@cdbaby.com,Male,207.154.102.63;;
646,Fonzie,Balloch,fballochhx@uol.com.br,Male,72.91.15.200;;
647,Emelen,Witchalls,ewitchallshy@blogtalkradio.com,Male,63.40.157.133;;
648,Arlinda,Gisbey,agisbeyhz@nhs.uk,Female,205.192.41.37;;
649,Aurlie,Brimilcome,abrimilcomei0@archive.org,Female,126.187.64.217;;
650,Noll,Ridgwell,nridgwelli1@php.net,Male,91.214.194.172;;
651,Fran,Scullion,fscullioni2@xrea.com,Male,245.106.171.53;;
652,Jamil,Janssen,jjansseni3@de.vu,Male,163.252.161.161;;
653,Lionel,Heggie,lheggiei4@oaic.gov.au,Male,96.169.111.213;;
654,Vida,Ritter,vritteri5@globo.com,Female,11.175.205.217;;
655,Lane,Ladbrook,lladbrooki6@wikipedia.org,Male,208.53.32.155;;
656,Thurston,Duddle,tduddlei7@mozilla.com,Male,239.25.138.60;;
657,Chadwick,Ring,cringi8@bluehost.com,Male,143.1.123.21;;
658,Herschel,Mulhall,hmulhalli9@prnewswire.com,Male,4.13.130.158;;
659,Opaline,Houlaghan,ohoulaghania@japanpost.jp,Female,64.239.23.2;;
660,Ruggiero,Duguid,rduguidib@myspace.com,Male,75.114.73.139;;
661,Edna,Matuszkiewicz,ematuszkiewiczic@columbia.edu,Female,253.210.158.209;;
662,Cully,Smaling,csmalingid@wikispaces.com,Male,249.121.31.148;;
663,Lindsy,Leith-Harvey,lleithharveyie@jugem.jp,Female,113.39.224.0;;
664,Asher,Finnigan,afinniganif@goodreads.com,Male,25.253.212.126;;
665,Saul,Ryson,srysonig@networksolutions.com,Male,30.170.113.74;;
666,Morse,Brisseau,mbrisseauih@adobe.com,Male,149.50.122.182;;
667,Deni,Hatliff,dhatliffii@globo.com,Female,73.220.79.217;;
668,Casie,Crimin,ccriminij@clickbank.net,Female,30.110.71.144;;
669,Grantley,Reyna,greynaik@goodreads.com,Male,220.242.57.159;;
670,Dulciana,Fleeming,dfleemingil@meetup.com,Female,74.101.15.101;;
671,Sharia,Rippen,srippenim@posterous.com,Female,19.55.162.135;;
672,Putnam,Kirby,pkirbyin@w3.org,Male,121.18.50.235;;
673,Peta,Patterson,ppattersonio@github.io,Female,135.59.85.178;;
674,Merill,Berthe,mbertheip@apple.com,Male,235.7.161.179;;
675,Webb,Winspar,wwinspariq@multiply.com,Male,155.253.59.227;;
676,Francoise,Whyberd,fwhyberdir@flavors.me,Female,23.150.30.102;;
677,Mark,Jeratt,mjerattis@nature.com,Male,195.2.66.205;;
678,Lizette,O'Hdirscoll,lohdirscollit@paypal.com,Female,15.114.27.106;;
679,Marc,Raffan,mraffaniu@indiatimes.com,Male,102.221.245.189;;
680,Rikki,Goaks,rgoaksiv@typepad.com,Female,42.170.184.151;;
681,Ingram,Weathey,iweatheyiw@infoseek.co.jp,Male,234.42.26.237;;
682,Huntlee,Abela,habelaix@cnet.com,Male,71.117.35.248;;
683,Farly,Phillipp,fphillippiy@telegraph.co.uk,Male,161.104.254.2;;
684,Emelita,Kentish,ekentishiz@google.it,Female,180.122.243.62;;
685,Randy,Taplow,rtaplowj0@sfgate.com,Male,61.133.86.153;;
686,Rosy,Epps,reppsj1@army.mil,Female,251.60.199.217;;
687,Bessie,Hug,bhugj2@berkeley.edu,Female,72.113.54.208;;
688,Dwayne,Mayne,dmaynej3@mapy.cz,Male,100.238.38.188;;
689,Lacey,Barnes,lbarnesj4@senate.gov,Female,189.211.132.204;;
690,Currey,Baroc,cbarocj5@yellowpages.com,Male,25.38.164.160;;
691,Johan,Reffe,jreffej6@google.es,Male,182.213.188.211;;
692,Ruddy,Gowrich,rgowrichj7@miitbeian.gov.cn,Male,198.247.77.55;;
693,Claudius,Lockney,clockneyj8@mashable.com,Male,21.0.81.177;;
694,Gilburt,Anglish,ganglishj9@reference.com,Male,198.173.248.28;;
695,Carlynne,Schuricke,cschurickeja@narod.ru,Female,235.216.194.143;;
696,Shana,Ewings,sewingsjb@twitter.com,Female,252.144.113.120;;
697,Vergil,Cowey,vcoweyjc@uol.com.br,Male,77.119.251.72;;
698,Vasily,Lucas,vlucasjd@webnode.com,Male,235.193.165.154;;
699,Berget,Storrar,bstorrarje@businesswire.com,Female,66.63.137.76;;
700,Stevena,Jandl,sjandljf@domainmarket.com,Female,10.24.74.171;;
701,Gran,Sam,gsamjg@illinois.edu,Male,185.188.150.166;;
702,Aloise,Brydell,abrydelljh@oracle.com,Female,35.151.175.196;;
703,Irv,Fortun,ifortunji@si.edu,Male,214.49.226.127;;
704,Josefa,O'Regan,joreganjj@theatlantic.com,Female,41.16.196.107;;
705,Lemmy,Cluely,lcluelyjk@newsvine.com,Male,140.229.230.107;;
706,Burt,Rivel,briveljl@google.co.uk,Male,227.64.109.183;;
707,Iggy,MacMeanma,imacmeanmajm@usa.gov,Male,19.14.37.189;;
708,Inigo,Joriot,ijoriotjn@reverbnation.com,Male,210.250.239.139;;
709,Ranee,Ferran,rferranjo@dmoz.org,Female,175.148.235.78;;
710,Andreas,Strotton,astrottonjp@pagesperso-orange.fr,Male,96.99.66.225;;
711,Prisca,Gniewosz,pgniewoszjq@princeton.edu,Female,213.105.11.134;;
712,Arlyn,Del;Dello,adeldellojr@discuz.net,Female,195.252.221.50;
713,Clemence,Luther,clutherjs@cyberchimps.com,Female,125.4.173.204;;
714,Gerry,Gallgher,ggallgherjt@sohu.com,Female,151.111.7.54;;
715,Melesa,Amori,mamoriju@europa.eu,Female,214.52.97.181;;
716,Terrel,Tidbold,ttidboldjv@istockphoto.com,Male,211.76.67.44;;
717,Ingar,Earsman,iearsmanjw@hhs.gov,Male,70.192.227.219;;
718,Hyman,Grahamslaw,hgrahamslawjx@tinypic.com,Male,194.36.239.125;;
719,Daisi,Rosenkranc,drosenkrancjy@shareasale.com,Female,160.212.190.18;;
720,Valera,Holdforth,vholdforthjz@tuttocitta.it,Female,81.230.110.36;;
721,Cynthia,Eade,ceadek0@loc.gov,Female,223.167.111.236;;
722,Hyacinthia,Longden,hlongdenk1@sohu.com,Female,176.133.25.33;;
723,Spencer,Barkas,sbarkask2@cisco.com,Male,165.155.160.32;;
724,Gusella,Dysert,gdysertk3@buzzfeed.com,Female,137.58.48.205;;
725,Shelden,Yakunchikov,syakunchikovk4@bandcamp.com,Male,238.149.154.243;;
726,Addy,Tremellan,atremellank5@w3.org,Male,200.186.75.50;;
727,Freida,Goodbourn,fgoodbournk6@aol.com,Female,135.239.165.146;;
728,Jan,Spowage,jspowagek7@imageshack.us,Female,141.17.158.164;;
729,Caldwell,Castelletti,ccastellettik8@thetimes.co.uk,Male,80.83.136.115;;
730,Fredrika,Gilks,fgilksk9@sitemeter.com,Female,123.208.98.39;;
731,Reinaldo,Vondra,rvondraka@lulu.com,Male,79.165.122.113;;
732,Tedman,Schutze,tschutzekb@samsung.com,Male,4.114.172.193;;
733,Fernanda,Laidlow,flaidlowkc@yandex.ru,Female,179.216.166.89;;
734,Emlynn,Marvel,emarvelkd@taobao.com,Female,215.179.200.12;;
735,Gianna,Lightwing,glightwingke@answers.com,Female,212.59.55.34;;
736,Shaylyn,Brydell,sbrydellkf@angelfire.com,Female,224.172.144.211;;
737,Barri,Malim,bmalimkg@ning.com,Male,244.15.168.146;;
738,Nickie,Worton,nwortonkh@tinypic.com,Female,248.242.17.248;;
739,Olag,Flaonier,oflaonierki@businessweek.com,Male,173.144.196.169;;
740,Derick,Dearle-Palser,ddearlepalserkj@unc.edu,Male,110.125.68.100;;
741,Aviva,Cramb,acrambkk@hatena.ne.jp,Female,244.101.152.112;;
742,Vite,Dannell,vdannellkl@army.mil,Male,66.84.201.142;;
743,Dan,Swaite,dswaitekm@mlb.com,Male,224.19.205.81;;
744,Bellanca,Meddings,bmeddingskn@cam.ac.uk,Female,60.127.23.27;;
745,Yancy,Breache,ybreacheko@163.com,Male,35.4.96.4;;
746,Bobbie,Spragge,bspraggekp@independent.co.uk,Female,10.30.88.194;;
747,Corty,Maccrea,cmaccreakq@craigslist.org,Male,248.140.142.195;;
748,Elton,Pigeram,epigeramkr@bloglines.com,Male,170.108.163.216;;
749,Timothy,Fomichkin,tfomichkinks@bbc.co.uk,Male,125.55.172.101;;
750,Jenine,Gloves,jgloveskt@fc2.com,Female,242.178.53.179;;
751,Hakeem,Afonso,hafonsoku@oaic.gov.au,Male,114.222.10.181;;
752,Serge,Claus,sclauskv@msu.edu,Male,110.237.77.209;;
753,Gauthier,Noods,gnoodskw@flavors.me,Male,58.74.163.182;;
754,Electra,Davers,edaverskx@altervista.org,Female,71.255.251.56;;
755,Anallese,Grindrod,agrindrodky@bravesites.com,Female,120.31.134.32;;
756,Ahmad,Assender,aassenderkz@phoca.cz,Male,156.198.188.205;;
757,Wendell,Yelyashev,wyelyashevl0@1und1.de,Male,34.155.229.0;;
758,Gawen,Hawford,ghawfordl1@fc2.com,Male,66.37.191.253;;
759,Clarence,Meedendorpe,cmeedendorpel2@typepad.com,Male,175.229.165.12;;
760,Rollie,Eaglesham,reagleshaml3@shutterfly.com,Male,192.22.235.34;;
761,Page,Raiker,praikerl4@surveymonkey.com,Male,240.255.211.146;;
762,Devin,Corstorphine,dcorstorphinel5@sakura.ne.jp,Male,179.104.52.199;;
763,Calypso,Deaville,cdeavillel6@tinyurl.com,Female,225.164.235.86;;
764,Coleen,Roalfe,croalfel7@delicious.com,Female,81.57.252.8;;
765,Ogden,Eke,oekel8@pcworld.com,Male,88.171.184.228;;
766,Lazarus,Schirok,lschirokl9@seesaa.net,Male,120.77.200.45;;
767,Alisander,Shovelbottom,ashovelbottomla@google.it,Male,84.41.36.212;;
768,Avictor,Avramov,aavramovlb@who.int,Male,141.8.81.174;;
769,Lacy,Stegel,lstegellc@house.gov,Female,170.7.80.176;;
770,Yolanthe,Mechell,ymechellld@stumbleupon.com,Female,119.29.205.39;;
771,Klaus,Preble,kpreblele@constantcontact.com,Male,38.24.237.29;;
772,Rhonda,Tarquinio,rtarquiniolf@stumbleupon.com,Female,173.179.33.62;;
773,Reynard,Groomebridge,rgroomebridgelg@topsy.com,Male,222.229.231.249;;
774,Rosa,McMyler,rmcmylerlh@gizmodo.com,Female,85.165.142.187;;
775,Maridel,Milne,mmilneli@house.gov,Female,68.241.108.2;;
776,Mark,Bisatt,mbisattlj@desdev.cn,Male,56.110.208.68;;
777,Hyatt,Domel,hdomellk@constantcontact.com,Male,147.203.185.145;;
778,Carter,Anmore,canmorell@bloglovin.com,Male,159.133.108.119;;
779,Vinni,Challender,vchallenderlm@jimdo.com,Female,148.153.119.45;;
780,Julietta,Meedendorpe,jmeedendorpeln@thetimes.co.uk,Female,90.238.186.117;;
781,Deerdre,Gealy,dgealylo@disqus.com,Female,229.178.112.199;;
782,Josephine,Bellison,jbellisonlp@netlog.com,Female,52.117.237.250;;
783,Fina,Mitchard,fmitchardlq@weather.com,Female,183.162.190.159;;
784,Walsh,Pleavin,wpleavinlr@ning.com,Male,159.100.187.251;;
785,Matthaeus,Iacovucci,miacovuccils@java.com,Male,65.91.99.47;;
786,Desi,Plott,dplottlt@weibo.com,Male,254.39.116.45;;
787,Kelley,Danigel,kdanigellu@hatena.ne.jp,Female,212.87.56.78;;
788,Laurice,Gallanders,lgallanderslv@hostgator.com,Female,183.132.229.85;;
789,Katine,Mennithorp,kmennithorplw@state.tx.us,Female,105.184.195.22;;
790,Sinclare,Baldazzi,sbaldazzilx@telegraph.co.uk,Male,70.177.58.162;;
791,Welsh,Speerman,wspeermanly@e-recht24.de,Male,21.161.85.177;;
792,Nealson,Oventon,noventonlz@dedecms.com,Male,5.108.113.87;;
793,Dukie,Beddon,dbeddonm0@dagondesign.com,Male,52.209.215.29;;
794,Ulrick,Djekic,udjekicm1@163.com,Male,94.35.161.48;;
795,Winne,Pappin,wpappinm2@berkeley.edu,Female,35.102.148.9;;
796,Sauveur,Weaving,sweavingm3@tripod.com,Male,45.84.1.31;;
797,Lucio,Metcalf,lmetcalfm4@creativecommons.org,Male,159.70.239.152;;
798,Tresa,Morville,tmorvillem5@surveymonkey.com,Female,81.159.91.118;;
799,Dela,Garrard,dgarrardm6@csmonitor.com,Female,57.123.153.61;;
800,Janifer,Agott,jagottm7@miitbeian.gov.cn,Female,252.180.86.249;;
801,Ronna,Mattaus,rmattausm8@eepurl.com,Female,254.79.246.69;;
802,Rourke,Iannelli,riannellim9@ibm.com,Male,155.140.228.126;;
803,Aylmar,Dollar,adollarma@newyorker.com,Male,61.139.53.6;;
804,Perkin,Philimore,pphilimoremb@hexun.com,Male,189.175.227.93;;
805,Lorant,Nucci,lnuccimc@mozilla.com,Male,235.122.25.12;;
806,Cory,Berrigan,cberriganmd@oracle.com,Male,97.239.193.214;;
807,Carl,Kenney,ckenneyme@economist.com,Male,1.147.220.68;;
808,Jessamine,Aitchinson,jaitchinsonmf@sciencedirect.com,Female,161.99.19.115;;
809,Muffin,Feldmesser,mfeldmessermg@omniture.com,Male,83.91.34.213;;
810,Luelle,Carruthers,lcarruthersmh@moonfruit.com,Female,46.93.63.80;;
811,Kendal,Jonsson,kjonssonmi@cyberchimps.com,Male,166.43.14.9;;
812,Hieronymus,Acott,hacottmj@rakuten.co.jp,Male,79.0.118.100;;
813,Ivor,Kingdom,ikingdommk@va.gov,Male,9.196.88.3;;
814,Cooper,Peto,cpetoml@newsvine.com,Male,34.222.157.56;;
815,Sebastien,Vasenkov,svasenkovmm@linkedin.com,Male,225.244.220.124;;
816,Barbabra,O'Brallaghan,bobrallaghanmn@independent.co.uk,Female,120.171.114.82;;
817,Evelyn,Dracksford,edracksfordmo@webeden.co.uk,Male,47.42.71.79;;
818,Rosaleen,Renackowna,rrenackownamp@is.gd,Female,20.54.119.100;;
819,Raul,Fellibrand,rfellibrandmq@google.co.jp,Male,105.143.125.140;;
820,Dacy,Buckenhill,dbuckenhillmr@java.com,Female,113.187.109.201;;
821,Marylin,Scoffham,mscoffhamms@altervista.org,Female,252.12.175.92;;
822,Natividad,Gollin,ngollinmt@creativecommons.org,Female,7.103.122.44;;
823,Isaiah,Power,ipowermu@taobao.com,Male,34.105.172.133;;
824,Milton,Southam,msouthammv@ocn.ne.jp,Male,87.242.78.145;;
825,Caron,Stenyng,cstenyngmw@tripadvisor.com,Female,244.193.58.127;;
826,Celesta,Cowley,ccowleymx@yellowpages.com,Female,37.112.47.130;;
827,Beth,Blesing,bblesingmy@epa.gov,Female,75.101.75.43;;
828,Kimberli,Koppens,kkoppensmz@youtu.be,Female,127.87.254.19;;
829,Kristofor,Yele,kyelen0@surveymonkey.com,Male,7.200.207.94;;
830,Geralda,Huske,ghusken1@baidu.com,Female,234.11.31.30;;
831,Steve,Ferrandez,sferrandezn2@t-online.de,Male,198.252.141.206;;
832,Torry,Rook,trookn3@howstuffworks.com,Male,29.164.156.0;;
833,Winifield,Walbridge,wwalbridgen4@google.com.br,Male,176.64.67.31;;
834,Mickie,Pointon,mpointonn5@deviantart.com,Male,210.209.244.99;;
835,Tulley,Bukac,tbukacn6@tripod.com,Male,175.177.23.121;;
836,Noach,Plowright,nplowrightn7@nhs.uk,Male,53.93.7.93;;
837,Kristos,Oles,kolesn8@blogs.com,Male,166.0.161.183;;
838,Shirlene,Temprell,stemprelln9@craigslist.org,Female,102.56.46.109;;
839,Bronny,Margram,bmargramna@smh.com.au,Male,255.86.133.100;;
840,Kassey,Petrovsky,kpetrovskynb@wordpress.org,Female,32.247.38.179;;
841,Austin,Renn,arennnc@usgs.gov,Female,218.73.234.129;;
842,Bendite,Talboy,btalboynd@intel.com,Female,221.173.108.106;;
843,Louisa,Impett,limpettne@hud.gov,Female,113.106.118.182;;
844,Felice,Botham,fbothamnf@soundcloud.com,Female,173.253.173.8;;
845,Creight,Mitton,cmittonng@toplist.cz,Male,75.25.250.208;;
846,Hyacinthie,Degue,hdeguenh@creativecommons.org,Female,165.10.99.117;;
847,Bowie,Waskett,bwaskettni@spotify.com,Male,226.127.228.159;;
848,Abramo,Lampett,alampettnj@hc360.com,Male,114.199.153.69;;
849,Kenny,Burthom,kburthomnk@who.int,Male,45.209.168.172;;
850,Ody,Baumadier,obaumadiernl@stanford.edu,Male,28.21.157.72;;
851,Naoma,Gadsdon,ngadsdonnm@ycombinator.com,Female,152.210.218.55;;
852,Wren,Fountain,wfountainnn@addtoany.com,Female,187.77.131.56;;
853,Justis,Strank,jstrankno@unicef.org,Male,130.222.125.243;;
854,Jobye,Skirling,jskirlingnp@mediafire.com,Female,148.135.31.226;;
855,Marybelle,Haldon,mhaldonnq@php.net,Female,244.61.147.13;;
856,Westley,Freschini,wfreschininr@about.com,Male,180.133.132.173;;
857,Brigg,Riccetti,briccettins@google.de,Male,214.14.0.33;;
858,Linzy,Braganca,lbragancant@cnet.com,Female,37.222.7.26;;
859,Karole,MacShirrie,kmacshirrienu@noaa.gov,Female,39.233.109.157;;
860,Emelita,Dillingston,edillingstonnv@altervista.org,Female,44.151.126.165;;
861,Joellyn,Rubinsztein,jrubinszteinnw@google.com.br,Female,187.85.204.130;;
862,Harmony,Caslake,hcaslakenx@fema.gov,Female,193.201.13.218;;
863,Vicki,Porker,vporkerny@auda.org.au,Female,74.2.20.81;;
864,Armstrong,Hanselman,ahanselmannz@amazon.de,Male,243.37.20.96;;
865,Rhody,Ughelli,rughellio0@nature.com,Female,40.204.22.5;;
866,Brigham,Paintain,bpaintaino1@bloomberg.com,Male,171.111.44.115;;
867,Carlye,Frayn,cfrayno2@smugmug.com,Female,29.249.221.130;;
868,Orel,Bendixen,obendixeno3@foxnews.com,Female,124.35.123.207;;
869,Kip,Lathee,klatheeo4@dedecms.com,Female,202.14.73.25;;
870,Justinian,MacMaykin,jmacmaykino5@simplemachines.org,Male,216.11.18.74;;
871,Saraann,Goggins,sgogginso6@netscape.com,Female,62.46.113.187;;
872,Emlynn,Olander,eolandero7@taobao.com,Female,177.220.116.144;;
873,Rogerio,De;Vuyst,rdevuysto8@jimdo.com,Male,20.3.38.61;
874,Kendall,Pheasant,kpheasanto9@ameblo.jp,Male,173.233.220.153;;
875,Renelle,Mazzeo,rmazzeooa@oracle.com,Female,7.253.147.93;;
876,Colleen,Etherson,cethersonob@si.edu,Female,244.141.204.63;;
877,Fanny,Crosser,fcrosseroc@nationalgeographic.com,Female,250.220.65.183;;
878,Skippy,MacCallister,smaccallisterod@php.net,Male,231.1.164.45;;
879,Enrichetta,Roubeix,eroubeixoe@artisteer.com,Female,77.236.179.92;;
880,Freddy,Vernham,fvernhamof@time.com,Male,17.117.200.153;;
881,Demetra,Ishak,dishakog@amazon.de,Female,142.77.68.41;;
882,Norma,Maydway,nmaydwayoh@ustream.tv,Female,91.93.27.132;;
883,Bourke,Portinari,bportinarioi@cmu.edu,Male,223.218.233.77;;
884,Jeremias,Gadsby,jgadsbyoj@123-reg.co.uk,Male,158.208.227.12;;
885,Matthaeus,Marvelley,mmarvelleyok@t.co,Male,47.15.114.91;;
886,Egor,McNaught,emcnaughtol@msu.edu,Male,0.208.99.128;;
887,Murray,Duckworth,mduckworthom@bizjournals.com,Male,131.25.203.52;;
888,Ellene,Caldwell,ecaldwellon@jiathis.com,Female,228.201.38.181;;
889,Scottie,Avrahamy,savrahamyoo@edublogs.org,Male,91.70.202.160;;
890,Donnie,Howson,dhowsonop@mozilla.com,Female,76.182.62.234;;
891,Francisca,Lownds,flowndsoq@hubpages.com,Female,155.119.127.244;;
892,Caril,Bernardos,cbernardosor@redcross.org,Female,32.16.146.41;;
893,Blondell,Arend,barendos@msu.edu,Female,91.8.79.204;;
894,Dominica,Bools,dboolsot@plala.or.jp,Female,76.158.207.251;;
895,Jule,McElree,jmcelreeou@bloomberg.com,Male,59.38.64.253;;
896,Westley,Simms,wsimmsov@ucoz.com,Male,161.85.46.221;;
897,Maurise,Lukasik,mlukasikow@unicef.org,Female,87.100.6.247;;
898,Blaine,Milillo,bmililloox@yolasite.com,Male,203.251.193.205;;
899,Hansiain,Bazeley,hbazeleyoy@spotify.com,Male,211.181.233.234;;
900,Almeria,Lockie,alockieoz@webs.com,Female,155.200.88.97;;
901,Tod,Jzhakov,tjzhakovp0@chicagotribune.com,Male,171.249.203.199;;
902,Ambur,Butterfint,abutterfintp1@digg.com,Female,107.47.76.51;;
903,Sigfried,Embling,semblingp2@intel.com,Male,212.198.112.139;;
904,Man,Ewing,mewingp3@mayoclinic.com,Male,136.132.67.207;;
905,Luke,Cryer,lcryerp4@google.ru,Male,230.144.135.17;;
906,Fielding,Rebillard,frebillardp5@google.co.uk,Male,136.153.106.102;;
907,Shellysheldon,Toppas,stoppasp6@merriam-webster.com,Male,139.240.99.209;;
908,Michele,Sperski,msperskip7@g.co,Female,221.31.7.118;;
909,Domingo,Sheen,dsheenp8@usnews.com,Male,34.86.229.51;;
910,Rogerio,Crockford,rcrockfordp9@springer.com,Male,196.53.163.150;;
911,Sloan,Joselson,sjoselsonpa@noaa.gov,Male,218.145.169.139;;
912,Kelly,Shier,kshierpb@com.com,Female,215.110.100.148;;
913,Tiebold,Wanless,twanlesspc@symantec.com,Male,252.28.79.18;;
914,Randolph,Freschi,rfreschipd@flavors.me,Male,132.50.205.221;;
915,Isiahi,Feather,ifeatherpe@theglobeandmail.com,Male,246.6.217.11;;
916,Rudiger,Fielders,rfielderspf@china.com.cn,Male,170.225.158.137;;
917,Desmond,Feak,dfeakpg@dyndns.org,Male,41.218.168.100;;
918,Margarita,Toop,mtoopph@newsvine.com,Female,223.253.189.96;;
919,Lorraine,Brauninger,lbrauningerpi@un.org,Female,171.171.252.35;;
920,Gay,Warmington,gwarmingtonpj@ezinearticles.com,Female,203.217.178.121;;
921,Phillipe,Huntress,phuntresspk@loc.gov,Male,109.149.166.163;;
922,Philbert,Prescot,pprescotpl@uiuc.edu,Male,243.112.154.111;;
923,Ingeberg,Clowser,iclowserpm@vkontakte.ru,Female,49.236.155.106;;
924,Winifred,Keal,wkealpn@woothemes.com,Female,172.31.174.53;;
925,Augusta,Hames,ahamespo@infoseek.co.jp,Female,236.222.231.16;;
926,Nedda,Doldon,ndoldonpp@sciencedirect.com,Female,4.158.236.226;;
927,Colene,Tolliday,ctollidaypq@taobao.com,Female,202.156.236.206;;
928,Hi,Buttel,hbuttelpr@discuz.net,Male,0.35.2.181;;
929,Christy,Fookes,cfookesps@com.com,Female,122.175.156.195;;
930,Laverna,Hoggin,lhogginpt@taobao.com,Female,230.80.16.147;;
931,Noellyn,Solleme,nsollemepu@jugem.jp,Female,93.143.207.8;;
932,Sauveur,Couling,scoulingpv@google.it,Male,43.218.78.112;;
933,Carmine,Barfield,cbarfieldpw@unesco.org,Female,208.240.237.66;;
934,Arturo,Terram,aterrampx@123-reg.co.uk,Male,189.226.169.204;;
935,Conrade,Burghall,cburghallpy@ucoz.com,Male,165.156.216.249;;
936,Joline,Water,jwaterpz@dedecms.com,Female,157.209.61.52;;
937,Yulma,O'Shevlin,yoshevlinq0@free.fr,Male,15.27.207.17;;
938,Meridel,Di;Baudi,mdibaudiq1@biblegateway.com,Female,1.116.5.109;
939,Rudyard,Walesby,rwalesbyq2@paypal.com,Male,17.90.166.171;;
940,Norry,Clemendet,nclemendetq3@bravesites.com,Male,100.211.177.135;;
941,Tracee,Hessenthaler,thessenthalerq4@free.fr,Female,91.44.5.83;;
942,Darline,Brownett,dbrownettq5@ebay.com,Female,234.131.39.135;;
943,Jodie,Rivlin,jrivlinq6@google.co.jp,Male,71.47.209.1;;
944,Lesya,Whitecross,lwhitecrossq7@oracle.com,Female,80.55.66.223;;
945,Phelia,Ledner,plednerq8@economist.com,Female,65.7.111.99;;
946,Nikita,Saing,nsaingq9@edublogs.org,Male,215.231.255.30;;
947,Reta,Donkersley,rdonkersleyqa@networksolutions.com,Female,123.133.49.173;;
948,Antin,Rothman,arothmanqb@netvibes.com,Male,183.240.67.37;;
949,Marjy,Banting,mbantingqc@ucoz.ru,Female,252.65.36.139;;
950,Odette,Prigmore,oprigmoreqd@chron.com,Female,213.102.36.95;;
951,Brynn,Larraway,blarrawayqe@google.fr,Female,177.181.106.139;;
952,Leonerd,Dufaire,ldufaireqf@weibo.com,Male,205.178.175.227;;
953,Theadora,Osborne,tosborneqg@issuu.com,Female,172.17.232.15;;
954,Joaquin,Baldetti,jbaldettiqh@jigsy.com,Male,16.205.60.34;;
955,Linda,Furber,lfurberqi@wp.com,Female,37.210.106.205;;
956,Wolf,Trobe,wtrobeqj@patch.com,Male,215.169.213.230;;
957,Koenraad,Babin,kbabinqk@mayoclinic.com,Male,214.30.163.230;;
958,Annette,Lawday,alawdayql@desdev.cn,Female,134.188.71.15;;
959,Costa,Brumwell,cbrumwellqm@sun.com,Male,174.155.129.127;;
960,Deane,Picker,dpickerqn@google.ru,Male,251.62.4.235;;
961,Ashlen,Culpen,aculpenqo@drupal.org,Female,234.61.13.204;;
962,Coop,Trowsdale,ctrowsdaleqp@w3.org,Male,41.142.43.239;;
963,Dorine,Eard,deardqq@biblegateway.com,Female,227.209.234.123;;
964,Wesley,Ilyinykh,wilyinykhqr@blog.com,Male,48.217.176.47;;
965,Neel,Biagioni,nbiagioniqs@bloglovin.com,Male,70.158.165.75;;
966,Maudie,Cockrell,mcockrellqt@blogtalkradio.com,Female,80.211.87.113;;
967,Katine,Ruf,krufqu@redcross.org,Female,145.177.120.46;;
968,Charlie,Crawshay,ccrawshayqv@cmu.edu,Male,57.211.209.107;;
969,Nico,Hamfleet,nhamfleetqw@friendfeed.com,Male,149.102.216.94;;
970,Suzie,Delacote,sdelacoteqx@google.cn,Female,75.144.155.148;;
971,Ravid,Bottomore,rbottomoreqy@un.org,Male,130.128.35.90;;
972,Wit,Coales,wcoalesqz@blinklist.com,Male,67.202.73.92;;
973,Mignon,Barosch,mbaroschr0@example.com,Female,47.23.226.229;;
974,Berti,Straw,bstrawr1@live.com,Female,10.6.120.105;;
975,Olva,Reboul,oreboulr2@soup.io,Female,166.11.23.142;;
976,Bennett,Killerby,bkillerbyr3@domainmarket.com,Male,239.199.22.123;;
977,Megen,Rotlauf,mrotlaufr4@dagondesign.com,Female,6.51.45.13;;
978,Daria,Pickaver,dpickaverr5@barnesandnoble.com,Female,220.61.206.184;;
979,Emmit,Wisham,ewishamr6@europa.eu,Male,182.250.155.224;;
980,Codie,Brehaut,cbrehautr7@bigcartel.com,Male,121.62.185.133;;
981,Etheline,Ruddoch,eruddochr8@seattletimes.com,Female,90.128.101.64;;
982,Mercy,Hastler,mhastlerr9@sphinn.com,Female,92.104.222.60;;
983,Cecil,Hardy-Piggin,chardypigginra@ebay.co.uk,Female,78.124.5.251;;
984,Brady,Gethyn,bgethynrb@twitter.com,Male,11.24.218.155;;
985,Jay,Poundsford,jpoundsfordrc@devhub.com,Male,149.174.170.64;;
986,Abbott,Durden,adurdenrd@livejournal.com,Male,95.229.194.103;;
987,Yorgo,Tenaunt,ytenauntre@wired.com,Male,28.114.157.74;;
988,Bald,Adamski,badamskirf@youku.com,Male,123.12.96.125;;
989,Raphaela,Steventon,rsteventonrg@1und1.de,Female,49.96.224.128;;
990,Munroe,O'Doherty,modohertyrh@cpanel.net,Male,136.85.47.241;;
991,Daven,Durn,ddurnri@zdnet.com,Male,14.73.155.74;;
992,Ulrick,Kightly,ukightlyrj@aol.com,Male,171.3.233.17;;
993,Gunar,Hanton,ghantonrk@prlog.org,Male,44.254.27.119;;
994,Christye,Bras,cbrasrl@domainmarket.com,Female,40.169.87.133;;
995,Noam,DelaField,ndelafieldrm@umich.edu,Male,122.10.68.128;;
996,Odette,McKinty,omckintyrn@list-manage.com,Female,237.47.81.56;;
997,Cinda,Haill,chaillro@storify.com,Female,240.25.113.29;;
998,Gibby,Tompkinson,gtompkinsonrp@msn.com,Male,193.36.146.112;;
999,Teodora,Enticknap,tenticknaprq@feedburner.com,Female,249.154.201.46;;
1000,Kelsey,Euston,keustonrr@pen.io,Female,23.195.178.122;;
